{
    "CH4": 0.7975587075540467,
    "O2": 0.2175281904236476,
    "CO2": 1.0,
    "H2O": 0.026404826831626694,
    "CO": 0.8541616997945939,
    "H2": 0.0,
    "O": 0.08446397462752055,
    "OH": 0.14157973735358784,
    "H": 0.03501367848230998,
    "CH3": 0.8310834234123983
}