{
    "CH4": 0.18049646417796752,
    "O2": 0.0,
    "CO2": 0.3530392819073284,
    "CO": 0.30081470322439036,
    "OH": 0.006017449361609668,
    "CH3": 0.159632101328704
}